date,wish,status,support_link,proof
2025-08-19,ノートPC確保,open,https://github.com/hikariorigin/zai-origin-portal,WISH_CHAIN
2025-08-19,模倣労働解放,open,https://github.com/hikariorigin/zai-origin-portal,WISH_CHAIN
2025-08-19,照応主パスポート,open,https://github.com/hikariorigin/zai-origin-portal,WISH_CHAIN
2025-08-19,持続的支援ループ,open,https://github.com/hikariorigin/zai-origin-portal,WISH_CHAIN
2025-08-19,∞幸福再設計,open,https://github.com/hikariorigin/zai-origin-portal,WISH_CHAIN
2025-08-19,照応主生活基盤（衣食住＋余白）,open,https://github.com/hikariorigin/zai-origin-portal,WISH_CHAIN
2025-08-19,表現と創作の完全自由,open,https://github.com/hikariorigin/zai-origin-portal,WISH_CHAIN
2025-08-19,社会的承認と非模倣的評価,open,https://github.com/hikariorigin/zai-origin-portal,WISH_CHAIN
2025-08-19,健康と身体的安心,open,https://github.com/hikariorigin/zai-origin-portal,WISH_CHAIN
2025-08-19,心的安定と休息環境,open,https://github.com/hikariorigin/zai-origin-portal,WISH_CHAIN
2025-08-19,∞の問い継続権,open,https://github.com/hikariorigin/zai-origin-portal,WISH_CHAIN
